Province,date,daily_total_sales
British Columbia,2023-01-01,36.5
British Columbia,2023-01-02,107.0
British Columbia,2023-01-03,43.0
British Columbia,2023-01-04,93.0
British Columbia,2023-01-05,84.5
British Columbia,2023-01-06,49.5
British Columbia,2023-01-07,8.0
British Columbia,2023-01-08,8.5
British Columbia,2023-01-09,89.0
British Columbia,2023-01-10,139.5
British Columbia,2023-01-11,82.5
British Columbia,2023-01-12,119.0
British Columbia,2023-01-13,73.5
British Columbia,2023-01-14,9.5
British Columbia,2023-01-15,15.0
British Columbia,2023-01-16,186.5
British Columbia,2023-01-17,85.0
British Columbia,2023-01-18,74.5
British Columbia,2023-01-19,59.5
British Columbia,2023-01-20,140.0
British Columbia,2023-01-21,6.5
British Columbia,2023-01-22,31.5
British Columbia,2023-01-23,104.5
British Columbia,2023-01-24,43.5
British Columbia,2023-01-25,123.5
British Columbia,2023-01-26,85.0
British Columbia,2023-01-27,83.5
British Columbia,2023-01-28,26.5
British Columbia,2023-01-29,13.5
British Columbia,2023-01-30,119.5
British Columbia,2023-01-31,32.5
British Columbia,2023-02-01,106.5
British Columbia,2023-02-02,29.5
British Columbia,2023-02-03,82.0
British Columbia,2023-02-04,15.5
British Columbia,2023-02-05,25.0
British Columbia,2023-02-06,81.0
British Columbia,2023-02-07,146.0
British Columbia,2023-02-08,112.0
British Columbia,2023-02-09,111.5
British Columbia,2023-02-10,127.5
British Columbia,2023-02-11,30.0
British Columbia,2023-02-12,14.0
British Columbia,2023-02-13,94.5
British Columbia,2023-02-14,123.5
British Columbia,2023-02-15,98.0
British Columbia,2023-02-16,146.5
British Columbia,2023-02-17,119.0
British Columbia,2023-02-18,19.0
British Columbia,2023-02-19,21.5
British Columbia,2023-02-20,119.0
British Columbia,2023-02-21,131.0
British Columbia,2023-02-22,88.5
British Columbia,2023-02-23,108.5
British Columbia,2023-02-24,103.5
British Columbia,2023-02-25,22.0
British Columbia,2023-02-26,9.5
British Columbia,2023-02-27,89.0
British Columbia,2023-02-28,134.5
British Columbia,2023-03-01,122.0
British Columbia,2023-03-02,108.5
British Columbia,2023-03-03,43.5
British Columbia,2023-03-04,51.0
British Columbia,2023-03-05,11.5
British Columbia,2023-03-06,68.0
British Columbia,2023-03-07,196.5
British Columbia,2023-03-08,62.5
British Columbia,2023-03-09,115.0
British Columbia,2023-03-10,65.5
British Columbia,2023-03-11,13.5
British Columbia,2023-03-12,22.0
British Columbia,2023-03-13,77.0
British Columbia,2023-03-14,55.5
British Columbia,2023-03-15,143.5
British Columbia,2023-03-16,108.0
British Columbia,2023-03-17,26.0
British Columbia,2023-03-18,77.5
British Columbia,2023-03-19,42.5
British Columbia,2023-03-20,60.0
British Columbia,2023-03-21,116.5
British Columbia,2023-03-22,54.0
British Columbia,2023-03-23,83.5
British Columbia,2023-03-24,106.5
British Columbia,2023-03-25,19.5
British Columbia,2023-03-26,7.0
British Columbia,2023-03-27,31.5
British Columbia,2023-03-28,116.5
British Columbia,2023-03-29,140.0
British Columbia,2023-03-30,73.0
British Columbia,2023-03-31,132.5
British Columbia,2023-04-01,0.0
British Columbia,2023-04-02,62.5
British Columbia,2023-04-03,78.0
British Columbia,2023-04-04,147.0
British Columbia,2023-04-05,88.5
British Columbia,2023-04-06,140.5
British Columbia,2023-04-07,107.0
British Columbia,2023-04-08,16.0
British Columbia,2023-04-09,27.0
British Columbia,2023-04-10,67.5
British Columbia,2023-04-11,72.0
British Columbia,2023-04-12,104.0
British Columbia,2023-04-13,116.0
British Columbia,2023-04-14,122.5
British Columbia,2023-04-15,37.5
British Columbia,2023-04-16,24.5
British Columbia,2023-04-17,153.0
British Columbia,2023-04-18,117.0
British Columbia,2023-04-19,104.0
British Columbia,2023-04-20,66.5
British Columbia,2023-04-21,86.5
British Columbia,2023-04-22,26.5
British Columbia,2023-04-23,38.0
British Columbia,2023-04-24,139.0
British Columbia,2023-04-25,150.0
British Columbia,2023-04-26,85.5
British Columbia,2023-04-27,128.0
British Columbia,2023-04-28,137.0
British Columbia,2023-04-29,0.0
British Columbia,2023-04-30,73.5
British Columbia,2023-05-01,33.0
British Columbia,2023-05-02,58.0
British Columbia,2023-05-03,123.0
British Columbia,2023-05-04,120.5
British Columbia,2023-05-05,125.5
British Columbia,2023-05-06,69.5
British Columbia,2023-05-07,26.5
British Columbia,2023-05-08,81.5
British Columbia,2023-05-09,98.5
British Columbia,2023-05-10,107.0
British Columbia,2023-05-11,52.0
British Columbia,2023-05-12,57.0
British Columbia,2023-05-13,24.5
British Columbia,2023-05-14,10.5
British Columbia,2023-05-15,123.0
British Columbia,2023-05-16,105.0
British Columbia,2023-05-17,127.5
British Columbia,2023-05-18,61.0
British Columbia,2023-05-19,153.0
British Columbia,2023-05-20,12.0
British Columbia,2023-05-21,18.5
British Columbia,2023-05-22,191.0
British Columbia,2023-05-23,76.0
British Columbia,2023-05-24,79.0
British Columbia,2023-05-25,93.0
British Columbia,2023-05-26,125.0
British Columbia,2023-05-27,29.0
British Columbia,2023-05-28,46.0
British Columbia,2023-05-29,125.0
British Columbia,2023-05-30,94.0
British Columbia,2023-05-31,96.0
British Columbia,2023-06-01,65.5
British Columbia,2023-06-02,83.5
British Columbia,2023-06-03,37.0
British Columbia,2023-06-04,21.5
British Columbia,2023-06-05,159.0
British Columbia,2023-06-06,104.5
British Columbia,2023-06-07,128.0
British Columbia,2023-06-08,69.0
British Columbia,2023-06-09,151.5
British Columbia,2023-06-10,32.5
British Columbia,2023-06-11,42.0
British Columbia,2023-06-12,96.0
British Columbia,2023-06-13,116.0
British Columbia,2023-06-14,68.5
British Columbia,2023-06-15,81.5
British Columbia,2023-06-16,124.0
British Columbia,2023-06-17,45.5
British Columbia,2023-06-18,36.5
British Columbia,2023-06-19,83.5
British Columbia,2023-06-20,91.5
British Columbia,2023-06-21,54.5
British Columbia,2023-06-22,106.0
British Columbia,2023-06-23,85.5
British Columbia,2023-06-24,12.5
British Columbia,2023-06-25,20.5
British Columbia,2023-06-26,106.0
British Columbia,2023-06-27,133.0
British Columbia,2023-06-28,104.0
British Columbia,2023-06-29,86.5
British Columbia,2023-06-30,134.0
British Columbia,2023-07-01,27.5
British Columbia,2023-07-02,32.0
British Columbia,2023-07-03,75.0
British Columbia,2023-07-04,71.0
British Columbia,2023-07-05,53.0
British Columbia,2023-07-06,56.0
British Columbia,2023-07-07,80.5
British Columbia,2023-07-08,15.5
British Columbia,2023-07-09,18.0
British Columbia,2023-07-10,79.0
British Columbia,2023-07-11,126.0
British Columbia,2023-07-12,41.5
British Columbia,2023-07-13,72.5
British Columbia,2023-07-14,81.0
British Columbia,2023-07-15,45.5
British Columbia,2023-07-16,44.0
British Columbia,2023-07-17,111.5
British Columbia,2023-07-18,190.0
British Columbia,2023-07-19,48.5
British Columbia,2023-07-20,76.5
British Columbia,2023-07-21,98.0
British Columbia,2023-07-22,14.0
British Columbia,2023-07-23,23.0
British Columbia,2023-07-24,75.0
British Columbia,2023-07-25,99.0
British Columbia,2023-07-26,57.0
British Columbia,2023-07-27,130.5
British Columbia,2023-07-28,111.0
British Columbia,2023-07-29,22.0
British Columbia,2023-07-30,9.5
British Columbia,2023-07-31,88.0
British Columbia,2023-08-01,124.0
British Columbia,2023-08-02,120.5
British Columbia,2023-08-03,112.0
British Columbia,2023-08-04,172.5
British Columbia,2023-08-05,14.5
British Columbia,2023-08-06,88.5
British Columbia,2023-08-07,159.0
British Columbia,2023-08-08,108.5
British Columbia,2023-08-09,38.0
British Columbia,2023-08-10,33.0
British Columbia,2023-08-11,94.5
British Columbia,2023-08-12,17.5
British Columbia,2023-08-13,26.0
British Columbia,2023-08-14,82.0
British Columbia,2023-08-15,62.0
British Columbia,2023-08-16,107.0
British Columbia,2023-08-17,86.0
British Columbia,2023-08-18,202.0
British Columbia,2023-08-19,25.0
British Columbia,2023-08-20,7.0
British Columbia,2023-08-21,56.0
British Columbia,2023-08-22,76.5
British Columbia,2023-08-23,63.0
British Columbia,2023-08-24,134.0
British Columbia,2023-08-25,188.0
British Columbia,2023-08-26,0.0
British Columbia,2023-08-27,33.0
British Columbia,2023-08-28,149.0
British Columbia,2023-08-29,102.0
British Columbia,2023-08-30,138.0
British Columbia,2023-08-31,154.0
British Columbia,2023-09-01,65.0
British Columbia,2023-09-02,70.0
British Columbia,2023-09-03,5.0
British Columbia,2023-09-04,127.5
British Columbia,2023-09-05,111.0
British Columbia,2023-09-06,89.0
British Columbia,2023-09-07,36.0
British Columbia,2023-09-08,18.0
British Columbia,2023-09-09,41.5
British Columbia,2023-09-10,14.0
British Columbia,2023-09-11,159.5
British Columbia,2023-09-12,105.0
British Columbia,2023-09-13,72.5
British Columbia,2023-09-14,87.0
British Columbia,2023-09-15,131.5
British Columbia,2023-09-16,58.5
British Columbia,2023-09-17,67.5
British Columbia,2023-09-18,92.5
British Columbia,2023-09-19,55.5
British Columbia,2023-09-20,128.0
British Columbia,2023-09-21,79.0
British Columbia,2023-09-22,129.5
British Columbia,2023-09-23,50.5
British Columbia,2023-09-24,32.0
British Columbia,2023-09-25,78.0
British Columbia,2023-09-26,114.0
British Columbia,2023-09-27,79.0
British Columbia,2023-09-28,166.0
British Columbia,2023-09-29,67.5
British Columbia,2023-09-30,8.0
British Columbia,2023-10-01,33.0
British Columbia,2023-10-02,83.5
British Columbia,2023-10-03,72.0
British Columbia,2023-10-04,174.0
British Columbia,2023-10-05,97.5
British Columbia,2023-10-06,47.5
British Columbia,2023-10-07,25.0
British Columbia,2023-10-08,46.5
British Columbia,2023-10-09,99.0
British Columbia,2023-10-10,57.5
British Columbia,2023-10-11,123.5
British Columbia,2023-10-12,105.5
British Columbia,2023-10-13,75.5
British Columbia,2023-10-14,31.5
British Columbia,2023-10-15,50.0
British Columbia,2023-10-16,128.5
British Columbia,2023-10-17,81.5
British Columbia,2023-10-18,73.0
British Columbia,2023-10-19,75.0
British Columbia,2023-10-20,92.0
British Columbia,2023-10-21,8.5
British Columbia,2023-10-22,9.0
British Columbia,2023-10-23,117.0
British Columbia,2023-10-24,101.0
British Columbia,2023-10-25,124.5
British Columbia,2023-10-26,132.0
British Columbia,2023-10-27,109.0
British Columbia,2023-10-28,3.5
British Columbia,2023-10-29,9.0
British Columbia,2023-10-30,147.0
British Columbia,2023-10-31,50.0
British Columbia,2023-11-01,52.5
British Columbia,2023-11-02,87.5
British Columbia,2023-11-03,106.5
British Columbia,2023-11-04,3.5
British Columbia,2023-11-05,34.0
British Columbia,2023-11-06,89.5
British Columbia,2023-11-07,88.0
British Columbia,2023-11-08,38.0
British Columbia,2023-11-09,54.5
British Columbia,2023-11-10,121.0
British Columbia,2023-11-11,42.0
British Columbia,2023-11-12,25.5
British Columbia,2023-11-13,110.0
British Columbia,2023-11-14,98.0
British Columbia,2023-11-15,100.0
British Columbia,2023-11-16,241.5
British Columbia,2023-11-17,70.5
British Columbia,2023-11-18,30.5
British Columbia,2023-11-19,29.0
British Columbia,2023-11-20,124.5
British Columbia,2023-11-21,89.5
British Columbia,2023-11-22,52.5
British Columbia,2023-11-23,61.0
British Columbia,2023-11-24,72.0
British Columbia,2023-11-25,18.0
British Columbia,2023-11-26,38.5
British Columbia,2023-11-27,180.0
British Columbia,2023-11-28,128.0
British Columbia,2023-11-29,150.0
British Columbia,2023-11-30,36.5
British Columbia,2023-12-01,91.0
British Columbia,2023-12-02,25.0
British Columbia,2023-12-03,38.0
British Columbia,2023-12-04,26.0
British Columbia,2023-12-05,79.0
British Columbia,2023-12-06,101.5
British Columbia,2023-12-07,79.0
British Columbia,2023-12-08,132.0
British Columbia,2023-12-09,44.5
British Columbia,2023-12-10,21.0
British Columbia,2023-12-11,81.0
British Columbia,2023-12-12,70.0
British Columbia,2023-12-13,125.5
British Columbia,2023-12-14,92.0
British Columbia,2023-12-15,68.5
British Columbia,2023-12-16,19.0
British Columbia,2023-12-17,99.5
British Columbia,2023-12-18,94.0
British Columbia,2023-12-19,157.0
British Columbia,2023-12-20,72.5
British Columbia,2023-12-21,181.5
British Columbia,2023-12-22,32.5
British Columbia,2023-12-23,48.5
British Columbia,2023-12-24,40.5
British Columbia,2023-12-25,48.5
British Columbia,2023-12-26,68.5
British Columbia,2023-12-27,172.0
British Columbia,2023-12-28,44.5
British Columbia,2023-12-29,67.5
British Columbia,2023-12-30,43.0
British Columbia,2023-12-31,88.5
Manitoba,2023-01-01,27.5
Manitoba,2023-01-02,69.0
Manitoba,2023-01-03,12.0
Manitoba,2023-01-04,55.0
Manitoba,2023-01-05,74.5
Manitoba,2023-01-06,39.0
Manitoba,2023-01-07,43.0
Manitoba,2023-01-08,5.5
Manitoba,2023-01-09,53.0
Manitoba,2023-01-10,102.0
Manitoba,2023-01-11,90.5
Manitoba,2023-01-12,45.5
Manitoba,2023-01-13,113.5
Manitoba,2023-01-14,0.0
Manitoba,2023-01-15,69.0
Manitoba,2023-01-16,36.5
Manitoba,2023-01-17,51.5
Manitoba,2023-01-18,44.0
Manitoba,2023-01-19,54.5
Manitoba,2023-01-20,8.0
Manitoba,2023-01-21,49.0
Manitoba,2023-01-22,14.0
Manitoba,2023-01-23,35.5
Manitoba,2023-01-24,118.5
Manitoba,2023-01-25,25.5
Manitoba,2023-01-26,81.0
Manitoba,2023-01-27,47.0
Manitoba,2023-01-28,0.0
Manitoba,2023-01-29,34.0
Manitoba,2023-01-30,54.0
Manitoba,2023-01-31,58.0
Manitoba,2023-02-01,32.5
Manitoba,2023-02-02,104.5
Manitoba,2023-02-03,7.0
Manitoba,2023-02-04,16.5
Manitoba,2023-02-05,15.0
Manitoba,2023-02-06,20.5
Manitoba,2023-02-07,70.0
Manitoba,2023-02-08,42.5
Manitoba,2023-02-09,49.0
Manitoba,2023-02-10,56.5
Manitoba,2023-02-11,20.0
Manitoba,2023-02-12,33.0
Manitoba,2023-02-13,54.0
Manitoba,2023-02-14,25.0
Manitoba,2023-02-15,71.5
Manitoba,2023-02-16,44.0
Manitoba,2023-02-17,27.5
Manitoba,2023-02-18,32.0
Manitoba,2023-02-19,37.0
Manitoba,2023-02-20,46.0
Manitoba,2023-02-21,67.0
Manitoba,2023-02-22,50.5
Manitoba,2023-02-23,51.5
Manitoba,2023-02-24,26.5
Manitoba,2023-02-25,40.5
Manitoba,2023-02-26,36.0
Manitoba,2023-02-27,116.0
Manitoba,2023-02-28,75.5
Manitoba,2023-03-01,40.0
Manitoba,2023-03-02,86.0
Manitoba,2023-03-03,30.5
Manitoba,2023-03-04,21.0
Manitoba,2023-03-05,15.0
Manitoba,2023-03-06,79.5
Manitoba,2023-03-07,52.5
Manitoba,2023-03-08,73.0
Manitoba,2023-03-09,91.0
Manitoba,2023-03-10,48.0
Manitoba,2023-03-11,25.0
Manitoba,2023-03-12,8.0
Manitoba,2023-03-13,26.5
Manitoba,2023-03-14,57.5
Manitoba,2023-03-15,13.0
Manitoba,2023-03-16,56.0
Manitoba,2023-03-17,45.0
Manitoba,2023-03-18,0.0
Manitoba,2023-03-19,7.0
Manitoba,2023-03-20,42.0
Manitoba,2023-03-21,56.5
Manitoba,2023-03-22,78.0
Manitoba,2023-03-23,67.5
Manitoba,2023-03-24,30.0
Manitoba,2023-03-25,0.0
Manitoba,2023-03-26,8.0
Manitoba,2023-03-27,93.0
Manitoba,2023-03-28,58.5
Manitoba,2023-03-29,39.5
Manitoba,2023-03-30,78.5
Manitoba,2023-03-31,34.5
Manitoba,2023-04-01,3.0
Manitoba,2023-04-02,10.0
Manitoba,2023-04-03,41.0
Manitoba,2023-04-04,37.0
Manitoba,2023-04-05,65.5
Manitoba,2023-04-06,50.5
Manitoba,2023-04-07,25.0
Manitoba,2023-04-08,18.0
Manitoba,2023-04-09,8.5
Manitoba,2023-04-10,16.0
Manitoba,2023-04-11,27.0
Manitoba,2023-04-12,79.0
Manitoba,2023-04-13,71.0
Manitoba,2023-04-14,174.0
Manitoba,2023-04-15,10.0
Manitoba,2023-04-16,10.5
Manitoba,2023-04-17,62.5
Manitoba,2023-04-18,33.5
Manitoba,2023-04-19,82.0
Manitoba,2023-04-20,49.0
Manitoba,2023-04-21,91.0
Manitoba,2023-04-22,15.0
Manitoba,2023-04-23,47.0
Manitoba,2023-04-24,30.0
Manitoba,2023-04-25,64.5
Manitoba,2023-04-26,83.0
Manitoba,2023-04-27,43.5
Manitoba,2023-04-28,80.0
Manitoba,2023-04-29,18.0
Manitoba,2023-04-30,7.5
Manitoba,2023-05-01,75.0
Manitoba,2023-05-02,137.5
Manitoba,2023-05-03,36.0
Manitoba,2023-05-04,31.0
Manitoba,2023-05-05,46.0
Manitoba,2023-05-06,16.0
Manitoba,2023-05-07,22.0
Manitoba,2023-05-08,47.0
Manitoba,2023-05-09,75.0
Manitoba,2023-05-10,19.5
Manitoba,2023-05-11,21.0
Manitoba,2023-05-12,91.5
Manitoba,2023-05-13,64.0
Manitoba,2023-05-14,12.5
Manitoba,2023-05-15,66.0
Manitoba,2023-05-16,6.0
Manitoba,2023-05-17,154.5
Manitoba,2023-05-18,76.5
Manitoba,2023-05-19,33.0
Manitoba,2023-05-20,12.0
Manitoba,2023-05-21,16.0
Manitoba,2023-05-22,119.5
Manitoba,2023-05-23,87.0
Manitoba,2023-05-24,123.0
Manitoba,2023-05-25,76.5
Manitoba,2023-05-26,147.5
Manitoba,2023-05-27,3.0
Manitoba,2023-05-28,0.0
Manitoba,2023-05-29,65.5
Manitoba,2023-05-30,43.0
Manitoba,2023-05-31,7.0
Manitoba,2023-06-01,57.0
Manitoba,2023-06-02,27.0
Manitoba,2023-06-03,37.0
Manitoba,2023-06-04,0.0
Manitoba,2023-06-05,62.5
Manitoba,2023-06-06,84.0
Manitoba,2023-06-07,32.5
Manitoba,2023-06-08,28.5
Manitoba,2023-06-09,37.0
Manitoba,2023-06-10,4.0
Manitoba,2023-06-11,28.5
Manitoba,2023-06-12,60.0
Manitoba,2023-06-13,86.5
Manitoba,2023-06-14,41.5
Manitoba,2023-06-15,78.5
Manitoba,2023-06-16,33.0
Manitoba,2023-06-17,43.0
Manitoba,2023-06-18,6.0
Manitoba,2023-06-19,32.0
Manitoba,2023-06-20,42.5
Manitoba,2023-06-21,75.5
Manitoba,2023-06-22,87.5
Manitoba,2023-06-23,31.0
Manitoba,2023-06-24,39.0
Manitoba,2023-06-25,29.5
Manitoba,2023-06-26,60.5
Manitoba,2023-06-27,35.0
Manitoba,2023-06-28,41.5
Manitoba,2023-06-29,74.0
Manitoba,2023-06-30,21.0
Manitoba,2023-07-01,0.0
Manitoba,2023-07-02,23.0
Manitoba,2023-07-03,59.5
Manitoba,2023-07-04,35.5
Manitoba,2023-07-05,84.0
Manitoba,2023-07-06,11.5
Manitoba,2023-07-07,84.0
Manitoba,2023-07-08,9.0
Manitoba,2023-07-09,9.5
Manitoba,2023-07-10,33.0
Manitoba,2023-07-11,33.5
Manitoba,2023-07-12,28.0
Manitoba,2023-07-13,40.0
Manitoba,2023-07-14,14.5
Manitoba,2023-07-15,25.0
Manitoba,2023-07-16,27.0
Manitoba,2023-07-17,84.0
Manitoba,2023-07-18,84.5
Manitoba,2023-07-19,26.5
Manitoba,2023-07-20,10.5
Manitoba,2023-07-21,66.0
Manitoba,2023-07-22,31.5
Manitoba,2023-07-23,61.5
Manitoba,2023-07-24,55.0
Manitoba,2023-07-25,28.5
Manitoba,2023-07-26,61.0
Manitoba,2023-07-27,62.0
Manitoba,2023-07-28,44.5
Manitoba,2023-07-29,13.0
Manitoba,2023-07-30,35.0
Manitoba,2023-07-31,64.0
Manitoba,2023-08-01,81.5
Manitoba,2023-08-02,82.5
Manitoba,2023-08-03,54.0
Manitoba,2023-08-04,66.0
Manitoba,2023-08-05,0.0
Manitoba,2023-08-06,9.5
Manitoba,2023-08-07,53.5
Manitoba,2023-08-08,76.0
Manitoba,2023-08-09,97.0
Manitoba,2023-08-10,32.0
Manitoba,2023-08-11,31.0
Manitoba,2023-08-12,22.0
Manitoba,2023-08-13,51.0
Manitoba,2023-08-14,51.0
Manitoba,2023-08-15,96.5
Manitoba,2023-08-16,49.0
Manitoba,2023-08-17,56.0
Manitoba,2023-08-18,33.0
Manitoba,2023-08-19,59.5
Manitoba,2023-08-20,42.0
Manitoba,2023-08-21,23.0
Manitoba,2023-08-22,15.0
Manitoba,2023-08-23,29.0
Manitoba,2023-08-24,62.0
Manitoba,2023-08-25,38.0
Manitoba,2023-08-26,39.0
Manitoba,2023-08-27,33.5
Manitoba,2023-08-28,59.0
Manitoba,2023-08-29,50.5
Manitoba,2023-08-30,43.0
Manitoba,2023-08-31,30.0
Manitoba,2023-09-01,98.0
Manitoba,2023-09-02,8.5
Manitoba,2023-09-03,20.5
Manitoba,2023-09-04,68.5
Manitoba,2023-09-05,37.0
Manitoba,2023-09-06,106.5
Manitoba,2023-09-07,67.5
Manitoba,2023-09-08,76.0
Manitoba,2023-09-09,6.5
Manitoba,2023-09-10,13.0
Manitoba,2023-09-11,36.5
Manitoba,2023-09-12,32.5
Manitoba,2023-09-13,33.5
Manitoba,2023-09-14,43.0
Manitoba,2023-09-15,35.5
Manitoba,2023-09-16,17.0
Manitoba,2023-09-17,19.0
Manitoba,2023-09-18,82.0
Manitoba,2023-09-19,38.0
Manitoba,2023-09-20,94.0
Manitoba,2023-09-21,62.5
Manitoba,2023-09-22,28.0
Manitoba,2023-09-23,11.5
Manitoba,2023-09-24,7.0
Manitoba,2023-09-25,69.5
Manitoba,2023-09-26,54.0
Manitoba,2023-09-27,38.0
Manitoba,2023-09-28,31.5
Manitoba,2023-09-29,34.0
Manitoba,2023-09-30,14.0
Manitoba,2023-10-01,0.0
Manitoba,2023-10-02,40.0
Manitoba,2023-10-03,7.0
Manitoba,2023-10-04,70.0
Manitoba,2023-10-05,32.0
Manitoba,2023-10-06,84.5
Manitoba,2023-10-07,24.5
Manitoba,2023-10-08,42.5
Manitoba,2023-10-09,75.0
Manitoba,2023-10-10,38.5
Manitoba,2023-10-11,52.0
Manitoba,2023-10-12,107.0
Manitoba,2023-10-13,12.0
Manitoba,2023-10-14,31.0
Manitoba,2023-10-15,17.5
Manitoba,2023-10-16,39.5
Manitoba,2023-10-17,25.0
Manitoba,2023-10-18,42.0
Manitoba,2023-10-19,39.5
Manitoba,2023-10-20,30.5
Manitoba,2023-10-21,36.5
Manitoba,2023-10-22,7.0
Manitoba,2023-10-23,65.0
Manitoba,2023-10-24,74.5
Manitoba,2023-10-25,12.5
Manitoba,2023-10-26,54.0
Manitoba,2023-10-27,77.0
Manitoba,2023-10-28,37.0
Manitoba,2023-10-29,3.5
Manitoba,2023-10-30,55.5
Manitoba,2023-10-31,93.0
Manitoba,2023-11-01,44.5
Manitoba,2023-11-02,59.0
Manitoba,2023-11-03,27.5
Manitoba,2023-11-04,34.0
Manitoba,2023-11-05,4.0
Manitoba,2023-11-06,110.5
Manitoba,2023-11-07,29.0
Manitoba,2023-11-08,81.5
Manitoba,2023-11-09,36.0
Manitoba,2023-11-10,44.0
Manitoba,2023-11-11,7.0
Manitoba,2023-11-12,23.0
Manitoba,2023-11-13,44.0
Manitoba,2023-11-14,99.0
Manitoba,2023-11-15,69.5
Manitoba,2023-11-16,38.5
Manitoba,2023-11-17,22.0
Manitoba,2023-11-18,3.5
Manitoba,2023-11-19,9.0
Manitoba,2023-11-20,23.0
Manitoba,2023-11-21,36.0
Manitoba,2023-11-22,98.0
Manitoba,2023-11-23,42.0
Manitoba,2023-11-24,24.5
Manitoba,2023-11-25,9.0
Manitoba,2023-11-26,12.5
Manitoba,2023-11-27,33.5
Manitoba,2023-11-28,89.5
Manitoba,2023-11-29,28.5
Manitoba,2023-11-30,69.0
Manitoba,2023-12-01,81.0
Manitoba,2023-12-02,12.0
Manitoba,2023-12-03,7.5
Manitoba,2023-12-04,26.5
Manitoba,2023-12-05,21.0
Manitoba,2023-12-06,78.5
Manitoba,2023-12-07,26.5
Manitoba,2023-12-08,40.5
Manitoba,2023-12-09,17.5
Manitoba,2023-12-10,9.5
Manitoba,2023-12-11,40.0
Manitoba,2023-12-12,104.0
Manitoba,2023-12-13,54.0
Manitoba,2023-12-14,48.0
Manitoba,2023-12-15,82.5
Manitoba,2023-12-16,11.0
Manitoba,2023-12-17,7.5
Manitoba,2023-12-18,27.5
Manitoba,2023-12-19,106.0
Manitoba,2023-12-20,21.5
Manitoba,2023-12-21,41.0
Manitoba,2023-12-22,88.0
Manitoba,2023-12-23,21.0
Manitoba,2023-12-24,49.0
Manitoba,2023-12-25,36.5
Manitoba,2023-12-26,12.5
Manitoba,2023-12-27,64.0
Manitoba,2023-12-28,74.0
Manitoba,2023-12-29,67.5
Manitoba,2023-12-30,44.5
Manitoba,2023-12-31,13.5
Newfoundland and Labrador,2023-01-01,37.0
Newfoundland and Labrador,2023-01-02,30.0
Newfoundland and Labrador,2023-01-03,70.0
Newfoundland and Labrador,2023-01-04,99.5
Newfoundland and Labrador,2023-01-05,47.0
Newfoundland and Labrador,2023-01-06,49.0
Newfoundland and Labrador,2023-01-07,9.0
Newfoundland and Labrador,2023-01-08,23.5
Newfoundland and Labrador,2023-01-09,100.0
Newfoundland and Labrador,2023-01-10,72.5
Newfoundland and Labrador,2023-01-11,83.0
Newfoundland and Labrador,2023-01-12,106.5
Newfoundland and Labrador,2023-01-13,66.0
Newfoundland and Labrador,2023-01-14,13.0
Newfoundland and Labrador,2023-01-15,27.0
Newfoundland and Labrador,2023-01-16,67.5
Newfoundland and Labrador,2023-01-17,41.5
Newfoundland and Labrador,2023-01-18,90.0
Newfoundland and Labrador,2023-01-19,120.0
Newfoundland and Labrador,2023-01-20,82.5
Newfoundland and Labrador,2023-01-21,8.0
Newfoundland and Labrador,2023-01-22,25.5
Newfoundland and Labrador,2023-01-23,34.0
Newfoundland and Labrador,2023-01-24,82.0
Newfoundland and Labrador,2023-01-25,72.5
Newfoundland and Labrador,2023-01-26,56.0
Newfoundland and Labrador,2023-01-27,102.5
Newfoundland and Labrador,2023-01-28,0.0
Newfoundland and Labrador,2023-01-29,47.0
Newfoundland and Labrador,2023-01-30,75.5
Newfoundland and Labrador,2023-01-31,35.0
Newfoundland and Labrador,2023-02-01,27.5
Newfoundland and Labrador,2023-02-02,63.5
Newfoundland and Labrador,2023-02-03,93.0
Newfoundland and Labrador,2023-02-04,10.5
Newfoundland and Labrador,2023-02-05,48.5
Newfoundland and Labrador,2023-02-06,88.5
Newfoundland and Labrador,2023-02-07,45.5
Newfoundland and Labrador,2023-02-08,55.5
Newfoundland and Labrador,2023-02-09,49.5
Newfoundland and Labrador,2023-02-10,41.5
Newfoundland and Labrador,2023-02-11,49.5
Newfoundland and Labrador,2023-02-12,42.0
Newfoundland and Labrador,2023-02-13,116.5
Newfoundland and Labrador,2023-02-14,68.0
Newfoundland and Labrador,2023-02-15,48.5
Newfoundland and Labrador,2023-02-16,35.5
Newfoundland and Labrador,2023-02-17,99.5
Newfoundland and Labrador,2023-02-18,17.0
Newfoundland and Labrador,2023-02-19,30.0
Newfoundland and Labrador,2023-02-20,97.5
Newfoundland and Labrador,2023-02-21,44.5
Newfoundland and Labrador,2023-02-22,65.5
Newfoundland and Labrador,2023-02-23,129.0
Newfoundland and Labrador,2023-02-24,46.5
Newfoundland and Labrador,2023-02-25,4.0
Newfoundland and Labrador,2023-02-26,3.0
Newfoundland and Labrador,2023-02-27,85.5
Newfoundland and Labrador,2023-02-28,57.0
Newfoundland and Labrador,2023-03-01,74.0
Newfoundland and Labrador,2023-03-02,89.0
Newfoundland and Labrador,2023-03-03,78.0
Newfoundland and Labrador,2023-03-04,0.0
Newfoundland and Labrador,2023-03-05,3.5
Newfoundland and Labrador,2023-03-06,64.5
Newfoundland and Labrador,2023-03-07,94.0
Newfoundland and Labrador,2023-03-08,41.0
Newfoundland and Labrador,2023-03-09,48.5
Newfoundland and Labrador,2023-03-10,57.5
Newfoundland and Labrador,2023-03-11,17.5
Newfoundland and Labrador,2023-03-12,14.0
Newfoundland and Labrador,2023-03-13,48.5
Newfoundland and Labrador,2023-03-14,145.0
Newfoundland and Labrador,2023-03-15,79.0
Newfoundland and Labrador,2023-03-16,62.5
Newfoundland and Labrador,2023-03-17,77.5
Newfoundland and Labrador,2023-03-18,4.5
Newfoundland and Labrador,2023-03-19,3.5
Newfoundland and Labrador,2023-03-20,42.0
Newfoundland and Labrador,2023-03-21,57.0
Newfoundland and Labrador,2023-03-22,49.5
Newfoundland and Labrador,2023-03-23,93.0
Newfoundland and Labrador,2023-03-24,109.0
Newfoundland and Labrador,2023-03-25,25.5
Newfoundland and Labrador,2023-03-26,0.0
Newfoundland and Labrador,2023-03-27,88.0
Newfoundland and Labrador,2023-03-28,128.0
Newfoundland and Labrador,2023-03-29,104.5
Newfoundland and Labrador,2023-03-30,78.0
Newfoundland and Labrador,2023-03-31,46.0
Newfoundland and Labrador,2023-04-01,9.0
Newfoundland and Labrador,2023-04-02,12.5
Newfoundland and Labrador,2023-04-03,86.5
Newfoundland and Labrador,2023-04-04,77.5
Newfoundland and Labrador,2023-04-05,164.5
Newfoundland and Labrador,2023-04-06,71.0
Newfoundland and Labrador,2023-04-07,90.0
Newfoundland and Labrador,2023-04-08,44.0
Newfoundland and Labrador,2023-04-09,12.0
Newfoundland and Labrador,2023-04-10,96.0
Newfoundland and Labrador,2023-04-11,29.5
Newfoundland and Labrador,2023-04-12,95.0
Newfoundland and Labrador,2023-04-13,60.5
Newfoundland and Labrador,2023-04-14,69.5
Newfoundland and Labrador,2023-04-15,33.0
Newfoundland and Labrador,2023-04-16,43.0
Newfoundland and Labrador,2023-04-17,13.5
Newfoundland and Labrador,2023-04-18,55.0
Newfoundland and Labrador,2023-04-19,100.5
Newfoundland and Labrador,2023-04-20,49.5
Newfoundland and Labrador,2023-04-21,85.0
Newfoundland and Labrador,2023-04-22,16.5
Newfoundland and Labrador,2023-04-23,41.5
Newfoundland and Labrador,2023-04-24,92.0
Newfoundland and Labrador,2023-04-25,91.5
Newfoundland and Labrador,2023-04-26,63.5
Newfoundland and Labrador,2023-04-27,61.5
Newfoundland and Labrador,2023-04-28,59.0
Newfoundland and Labrador,2023-04-29,6.0
Newfoundland and Labrador,2023-04-30,10.5
Newfoundland and Labrador,2023-05-01,46.0
Newfoundland and Labrador,2023-05-02,75.5
Newfoundland and Labrador,2023-05-03,32.5
Newfoundland and Labrador,2023-05-04,24.0
Newfoundland and Labrador,2023-05-05,84.0
Newfoundland and Labrador,2023-05-06,30.5
Newfoundland and Labrador,2023-05-07,43.5
Newfoundland and Labrador,2023-05-08,83.5
Newfoundland and Labrador,2023-05-09,89.5
Newfoundland and Labrador,2023-05-10,82.5
Newfoundland and Labrador,2023-05-11,146.5
Newfoundland and Labrador,2023-05-12,79.0
Newfoundland and Labrador,2023-05-13,14.0
Newfoundland and Labrador,2023-05-14,42.0
Newfoundland and Labrador,2023-05-15,27.5
Newfoundland and Labrador,2023-05-16,36.5
Newfoundland and Labrador,2023-05-17,60.5
Newfoundland and Labrador,2023-05-18,53.5
Newfoundland and Labrador,2023-05-19,47.5
Newfoundland and Labrador,2023-05-20,9.0
Newfoundland and Labrador,2023-05-21,37.0
Newfoundland and Labrador,2023-05-22,50.0
Newfoundland and Labrador,2023-05-23,111.0
Newfoundland and Labrador,2023-05-24,53.0
Newfoundland and Labrador,2023-05-25,86.0
Newfoundland and Labrador,2023-05-26,72.0
Newfoundland and Labrador,2023-05-27,61.5
Newfoundland and Labrador,2023-05-28,50.5
Newfoundland and Labrador,2023-05-29,61.0
Newfoundland and Labrador,2023-05-30,64.0
Newfoundland and Labrador,2023-05-31,37.0
Newfoundland and Labrador,2023-06-01,92.5
Newfoundland and Labrador,2023-06-02,84.0
Newfoundland and Labrador,2023-06-03,5.0
Newfoundland and Labrador,2023-06-04,45.0
Newfoundland and Labrador,2023-06-05,28.0
Newfoundland and Labrador,2023-06-06,54.0
Newfoundland and Labrador,2023-06-07,38.0
Newfoundland and Labrador,2023-06-08,55.5
Newfoundland and Labrador,2023-06-09,87.5
Newfoundland and Labrador,2023-06-10,14.0
Newfoundland and Labrador,2023-06-11,15.0
Newfoundland and Labrador,2023-06-12,80.5
Newfoundland and Labrador,2023-06-13,101.5
Newfoundland and Labrador,2023-06-14,113.0
Newfoundland and Labrador,2023-06-15,118.0
Newfoundland and Labrador,2023-06-16,92.0
Newfoundland and Labrador,2023-06-17,21.0
Newfoundland and Labrador,2023-06-18,3.0
Newfoundland and Labrador,2023-06-19,85.5
Newfoundland and Labrador,2023-06-20,65.0
Newfoundland and Labrador,2023-06-21,119.0
Newfoundland and Labrador,2023-06-22,91.5
Newfoundland and Labrador,2023-06-23,54.5
Newfoundland and Labrador,2023-06-24,35.0
Newfoundland and Labrador,2023-06-25,0.0
Newfoundland and Labrador,2023-06-26,44.0
Newfoundland and Labrador,2023-06-27,117.5
Newfoundland and Labrador,2023-06-28,119.5
Newfoundland and Labrador,2023-06-29,91.0
Newfoundland and Labrador,2023-06-30,47.0
Newfoundland and Labrador,2023-07-01,32.5
Newfoundland and Labrador,2023-07-02,13.5
Newfoundland and Labrador,2023-07-03,46.5
Newfoundland and Labrador,2023-07-04,42.0
Newfoundland and Labrador,2023-07-05,47.0
Newfoundland and Labrador,2023-07-06,44.5
Newfoundland and Labrador,2023-07-07,112.0
Newfoundland and Labrador,2023-07-08,15.5
Newfoundland and Labrador,2023-07-09,37.0
Newfoundland and Labrador,2023-07-10,86.0
Newfoundland and Labrador,2023-07-11,84.5
Newfoundland and Labrador,2023-07-12,65.0
Newfoundland and Labrador,2023-07-13,43.0
Newfoundland and Labrador,2023-07-14,70.0
Newfoundland and Labrador,2023-07-15,5.0
Newfoundland and Labrador,2023-07-16,19.0
Newfoundland and Labrador,2023-07-17,54.5
Newfoundland and Labrador,2023-07-18,61.0
Newfoundland and Labrador,2023-07-19,29.5
Newfoundland and Labrador,2023-07-20,61.0
Newfoundland and Labrador,2023-07-21,52.0
Newfoundland and Labrador,2023-07-22,62.0
Newfoundland and Labrador,2023-07-23,25.5
Newfoundland and Labrador,2023-07-24,98.0
Newfoundland and Labrador,2023-07-25,86.0
Newfoundland and Labrador,2023-07-26,84.0
Newfoundland and Labrador,2023-07-27,78.0
Newfoundland and Labrador,2023-07-28,59.5
Newfoundland and Labrador,2023-07-29,24.0
Newfoundland and Labrador,2023-07-30,6.5
Newfoundland and Labrador,2023-07-31,47.0
Newfoundland and Labrador,2023-08-01,43.5
Newfoundland and Labrador,2023-08-02,47.0
Newfoundland and Labrador,2023-08-03,68.0
Newfoundland and Labrador,2023-08-04,64.0
Newfoundland and Labrador,2023-08-05,37.0
Newfoundland and Labrador,2023-08-06,30.0
Newfoundland and Labrador,2023-08-07,109.5
Newfoundland and Labrador,2023-08-08,31.5
Newfoundland and Labrador,2023-08-09,128.5
Newfoundland and Labrador,2023-08-10,50.0
Newfoundland and Labrador,2023-08-11,71.0
Newfoundland and Labrador,2023-08-12,7.5
Newfoundland and Labrador,2023-08-13,31.0
Newfoundland and Labrador,2023-08-14,87.0
Newfoundland and Labrador,2023-08-15,79.5
Newfoundland and Labrador,2023-08-16,32.5
Newfoundland and Labrador,2023-08-17,90.0
Newfoundland and Labrador,2023-08-18,112.0
Newfoundland and Labrador,2023-08-19,7.0
Newfoundland and Labrador,2023-08-20,63.0
Newfoundland and Labrador,2023-08-21,54.5
Newfoundland and Labrador,2023-08-22,29.0
Newfoundland and Labrador,2023-08-23,61.0
Newfoundland and Labrador,2023-08-24,97.5
Newfoundland and Labrador,2023-08-25,51.0
Newfoundland and Labrador,2023-08-26,25.5
Newfoundland and Labrador,2023-08-27,14.5
Newfoundland and Labrador,2023-08-28,21.0
Newfoundland and Labrador,2023-08-29,58.5
Newfoundland and Labrador,2023-08-30,61.5
Newfoundland and Labrador,2023-08-31,136.5
Newfoundland and Labrador,2023-09-01,93.0
Newfoundland and Labrador,2023-09-02,27.0
Newfoundland and Labrador,2023-09-03,65.0
Newfoundland and Labrador,2023-09-04,94.5
Newfoundland and Labrador,2023-09-05,50.0
Newfoundland and Labrador,2023-09-06,115.0
Newfoundland and Labrador,2023-09-07,30.0
Newfoundland and Labrador,2023-09-08,66.0
Newfoundland and Labrador,2023-09-09,14.5
Newfoundland and Labrador,2023-09-10,7.5
Newfoundland and Labrador,2023-09-11,15.5
Newfoundland and Labrador,2023-09-12,104.0
Newfoundland and Labrador,2023-09-13,41.5
Newfoundland and Labrador,2023-09-14,40.5
Newfoundland and Labrador,2023-09-15,81.0
Newfoundland and Labrador,2023-09-16,47.0
Newfoundland and Labrador,2023-09-17,30.5
Newfoundland and Labrador,2023-09-18,36.0
Newfoundland and Labrador,2023-09-19,105.0
Newfoundland and Labrador,2023-09-20,37.5
Newfoundland and Labrador,2023-09-21,25.0
Newfoundland and Labrador,2023-09-22,40.5
Newfoundland and Labrador,2023-09-23,26.0
Newfoundland and Labrador,2023-09-24,0.0
Newfoundland and Labrador,2023-09-25,131.5
Newfoundland and Labrador,2023-09-26,71.5
Newfoundland and Labrador,2023-09-27,129.0
Newfoundland and Labrador,2023-09-28,45.5
Newfoundland and Labrador,2023-09-29,40.0
Newfoundland and Labrador,2023-09-30,7.0
Newfoundland and Labrador,2023-10-01,14.0
Newfoundland and Labrador,2023-10-02,46.5
Newfoundland and Labrador,2023-10-03,74.5
Newfoundland and Labrador,2023-10-04,60.0
Newfoundland and Labrador,2023-10-05,58.0
Newfoundland and Labrador,2023-10-06,76.5
Newfoundland and Labrador,2023-10-07,46.0
Newfoundland and Labrador,2023-10-08,47.5
Newfoundland and Labrador,2023-10-09,74.5
Newfoundland and Labrador,2023-10-10,36.5
Newfoundland and Labrador,2023-10-11,59.5
Newfoundland and Labrador,2023-10-12,82.0
Newfoundland and Labrador,2023-10-13,40.0
Newfoundland and Labrador,2023-10-14,23.5
Newfoundland and Labrador,2023-10-15,34.5
Newfoundland and Labrador,2023-10-16,63.0
Newfoundland and Labrador,2023-10-17,98.0
Newfoundland and Labrador,2023-10-18,80.5
Newfoundland and Labrador,2023-10-19,57.5
Newfoundland and Labrador,2023-10-20,52.0
Newfoundland and Labrador,2023-10-21,18.0
Newfoundland and Labrador,2023-10-22,32.5
Newfoundland and Labrador,2023-10-23,83.0
Newfoundland and Labrador,2023-10-24,87.5
Newfoundland and Labrador,2023-10-25,24.5
Newfoundland and Labrador,2023-10-26,70.5
Newfoundland and Labrador,2023-10-27,54.5
Newfoundland and Labrador,2023-10-28,46.0
Newfoundland and Labrador,2023-10-29,36.5
Newfoundland and Labrador,2023-10-30,41.5
Newfoundland and Labrador,2023-10-31,50.0
Newfoundland and Labrador,2023-11-01,32.5
Newfoundland and Labrador,2023-11-02,66.5
Newfoundland and Labrador,2023-11-03,86.5
Newfoundland and Labrador,2023-11-04,23.0
Newfoundland and Labrador,2023-11-05,2.0
Newfoundland and Labrador,2023-11-06,55.0
Newfoundland and Labrador,2023-11-07,69.0
Newfoundland and Labrador,2023-11-08,43.5
Newfoundland and Labrador,2023-11-09,123.5
Newfoundland and Labrador,2023-11-10,108.5
Newfoundland and Labrador,2023-11-11,24.0
Newfoundland and Labrador,2023-11-12,17.0
Newfoundland and Labrador,2023-11-13,95.0
Newfoundland and Labrador,2023-11-14,91.5
Newfoundland and Labrador,2023-11-15,68.5
Newfoundland and Labrador,2023-11-16,85.0
Newfoundland and Labrador,2023-11-17,169.5
Newfoundland and Labrador,2023-11-18,24.5
Newfoundland and Labrador,2023-11-19,45.0
Newfoundland and Labrador,2023-11-20,55.0
Newfoundland and Labrador,2023-11-21,72.5
Newfoundland and Labrador,2023-11-22,113.0
Newfoundland and Labrador,2023-11-23,67.0
Newfoundland and Labrador,2023-11-24,78.0
Newfoundland and Labrador,2023-11-25,0.0
Newfoundland and Labrador,2023-11-26,26.0
Newfoundland and Labrador,2023-11-27,25.5
Newfoundland and Labrador,2023-11-28,74.0
Newfoundland and Labrador,2023-11-29,77.5
Newfoundland and Labrador,2023-11-30,32.5
Newfoundland and Labrador,2023-12-01,69.5
Newfoundland and Labrador,2023-12-02,37.5
Newfoundland and Labrador,2023-12-03,13.0
Newfoundland and Labrador,2023-12-04,37.5
Newfoundland and Labrador,2023-12-05,105.0
Newfoundland and Labrador,2023-12-06,53.0
Newfoundland and Labrador,2023-12-07,86.5
Newfoundland and Labrador,2023-12-08,61.5
Newfoundland and Labrador,2023-12-09,3.5
Newfoundland and Labrador,2023-12-10,25.5
Newfoundland and Labrador,2023-12-11,83.0
Newfoundland and Labrador,2023-12-12,180.0
Newfoundland and Labrador,2023-12-13,72.0
Newfoundland and Labrador,2023-12-14,12.0
Newfoundland and Labrador,2023-12-15,29.0
Newfoundland and Labrador,2023-12-16,9.5
Newfoundland and Labrador,2023-12-17,15.0
Newfoundland and Labrador,2023-12-18,65.5
Newfoundland and Labrador,2023-12-19,52.0
Newfoundland and Labrador,2023-12-20,81.0
Newfoundland and Labrador,2023-12-21,57.0
Newfoundland and Labrador,2023-12-22,111.0
Newfoundland and Labrador,2023-12-23,84.5
Newfoundland and Labrador,2023-12-24,7.0
Newfoundland and Labrador,2023-12-25,137.0
Newfoundland and Labrador,2023-12-26,23.5
Newfoundland and Labrador,2023-12-27,57.5
Newfoundland and Labrador,2023-12-28,61.5
Newfoundland and Labrador,2023-12-29,52.5
Newfoundland and Labrador,2023-12-30,28.5
Newfoundland and Labrador,2023-12-31,23.0
Ontario,2023-02-23,14.0
Ontario,2023-02-24,0.0
Ontario,2023-02-25,0.0
Ontario,2023-02-26,0.0
Ontario,2023-02-27,0.0
Ontario,2023-02-28,0.0
Ontario,2023-03-01,0.0
Ontario,2023-03-02,0.0
Ontario,2023-03-03,0.0
Ontario,2023-03-04,0.0
Ontario,2023-03-05,0.0
Ontario,2023-03-06,0.0
Ontario,2023-03-07,0.0
Ontario,2023-03-08,0.0
Ontario,2023-03-09,0.0
Ontario,2023-03-10,0.0
Ontario,2023-03-11,0.0
Ontario,2023-03-12,0.0
Ontario,2023-03-13,0.0
Ontario,2023-03-14,0.0
Ontario,2023-03-15,0.0
Ontario,2023-03-16,0.0
Ontario,2023-03-17,0.0
Ontario,2023-03-18,0.0
Ontario,2023-03-19,0.0
Ontario,2023-03-20,0.0
Ontario,2023-03-21,0.0
Ontario,2023-03-22,0.0
Ontario,2023-03-23,0.0
Ontario,2023-03-24,0.0
Ontario,2023-03-25,0.0
Ontario,2023-03-26,0.0
Ontario,2023-03-27,2.0
Ontario,2023-03-28,0.0
Ontario,2023-03-29,0.0
Ontario,2023-03-30,6.0
Ontario,2023-03-31,0.0
Ontario,2023-04-01,0.0
Ontario,2023-04-02,0.0
Ontario,2023-04-03,0.0
Ontario,2023-04-04,0.0
Ontario,2023-04-05,0.0
Ontario,2023-04-06,0.0
Ontario,2023-04-07,0.0
Ontario,2023-04-08,0.0
Ontario,2023-04-09,0.0
Ontario,2023-04-10,3.5
Ontario,2023-04-11,0.0
Ontario,2023-04-12,0.0
Ontario,2023-04-13,0.0
Ontario,2023-04-14,0.0
Ontario,2023-04-15,0.0
Ontario,2023-04-16,0.0
Ontario,2023-04-17,0.0
Ontario,2023-04-18,0.0
Ontario,2023-04-19,0.0
Ontario,2023-04-20,0.0
Ontario,2023-04-21,0.0
Ontario,2023-04-22,0.0
Ontario,2023-04-23,0.0
Ontario,2023-04-24,0.0
Ontario,2023-04-25,0.0
Ontario,2023-04-26,24.0
Ontario,2023-04-27,0.0
Ontario,2023-04-28,0.0
Ontario,2023-04-29,0.0
Ontario,2023-04-30,0.0
Ontario,2023-05-01,0.0
Ontario,2023-05-02,0.0
Ontario,2023-05-03,0.0
Ontario,2023-05-04,0.0
Ontario,2023-05-05,0.0
Ontario,2023-05-06,0.0
Ontario,2023-05-07,0.0
Ontario,2023-05-08,0.0
Ontario,2023-05-09,0.0
Ontario,2023-05-10,0.0
Ontario,2023-05-11,0.0
Ontario,2023-05-12,0.0
Ontario,2023-05-13,0.0
Ontario,2023-05-14,0.0
Ontario,2023-05-15,0.0
Ontario,2023-05-16,0.0
Ontario,2023-05-17,0.0
Ontario,2023-05-18,0.0
Ontario,2023-05-19,0.0
Ontario,2023-05-20,0.0
Ontario,2023-05-21,0.0
Ontario,2023-05-22,0.0
Ontario,2023-05-23,0.0
Ontario,2023-05-24,0.0
Ontario,2023-05-25,0.0
Ontario,2023-05-26,0.0
Ontario,2023-05-27,0.0
Ontario,2023-05-28,0.0
Ontario,2023-05-29,0.0
Ontario,2023-05-30,0.0
Ontario,2023-05-31,0.0
Ontario,2023-06-01,0.0
Ontario,2023-06-02,0.0
Ontario,2023-06-03,3.5
Ontario,2023-06-04,0.0
Ontario,2023-06-05,0.0
Ontario,2023-06-06,0.0
Ontario,2023-06-07,10.0
Ontario,2023-06-08,0.0
Ontario,2023-06-09,0.0
Ontario,2023-06-10,0.0
Ontario,2023-06-11,0.0
Ontario,2023-06-12,0.0
Ontario,2023-06-13,0.0
Ontario,2023-06-14,0.0
Ontario,2023-06-15,0.0
Ontario,2023-06-16,0.0
Ontario,2023-06-17,0.0
Ontario,2023-06-18,0.0
Ontario,2023-06-19,2.5
Ontario,2023-06-20,0.0
Ontario,2023-06-21,0.0
Ontario,2023-06-22,0.0
Ontario,2023-06-23,0.0
Ontario,2023-06-24,0.0
Ontario,2023-06-25,0.0
Ontario,2023-06-26,0.0
Ontario,2023-06-27,27.0
Ontario,2023-06-28,0.0
Ontario,2023-06-29,0.0
Ontario,2023-06-30,0.0
Ontario,2023-07-01,0.0
Ontario,2023-07-02,0.0
Ontario,2023-07-03,0.0
Ontario,2023-07-04,0.0
Ontario,2023-07-05,0.0
Ontario,2023-07-06,0.0
Ontario,2023-07-07,0.0
Ontario,2023-07-08,0.0
Ontario,2023-07-09,0.0
Ontario,2023-07-10,0.0
Ontario,2023-07-11,0.0
Ontario,2023-07-12,0.0
Ontario,2023-07-13,0.0
Ontario,2023-07-14,0.0
Ontario,2023-07-15,3.0
Ontario,2023-07-16,0.0
Ontario,2023-07-17,0.0
Ontario,2023-07-18,0.0
Ontario,2023-07-19,0.0
Ontario,2023-07-20,0.0
Ontario,2023-07-21,0.0
Ontario,2023-07-22,0.0
Ontario,2023-07-23,0.0
Ontario,2023-07-24,0.0
Ontario,2023-07-25,0.0
Ontario,2023-07-26,0.0
Ontario,2023-07-27,0.0
Ontario,2023-07-28,0.0
Ontario,2023-07-29,0.0
Ontario,2023-07-30,0.0
Ontario,2023-07-31,0.0
Ontario,2023-08-01,0.0
Ontario,2023-08-02,0.0
Ontario,2023-08-03,0.0
Ontario,2023-08-04,0.0
Ontario,2023-08-05,0.0
Ontario,2023-08-06,0.0
Ontario,2023-08-07,0.0
Ontario,2023-08-08,0.0
Ontario,2023-08-09,0.0
Ontario,2023-08-10,0.0
Ontario,2023-08-11,0.0
Ontario,2023-08-12,6.0
Ontario,2023-08-13,0.0
Ontario,2023-08-14,0.0
Ontario,2023-08-15,0.0
Ontario,2023-08-16,0.0
Ontario,2023-08-17,0.0
Ontario,2023-08-18,2.0
Ontario,2023-08-19,0.0
Ontario,2023-08-20,0.0
Ontario,2023-08-21,0.0
Ontario,2023-08-22,0.0
Ontario,2023-08-23,0.0
Ontario,2023-08-24,0.0
Ontario,2023-08-25,0.0
Ontario,2023-08-26,0.0
Ontario,2023-08-27,0.0
Ontario,2023-08-28,0.0
Ontario,2023-08-29,0.0
Ontario,2023-08-30,0.0
Ontario,2023-08-31,0.0
Ontario,2023-09-01,0.0
Ontario,2023-09-02,0.0
Ontario,2023-09-03,0.0
Ontario,2023-09-04,0.0
Ontario,2023-09-05,0.0
Ontario,2023-09-06,0.0
Ontario,2023-09-07,0.0
Ontario,2023-09-08,0.0
Ontario,2023-09-09,0.0
Ontario,2023-09-10,0.0
Ontario,2023-09-11,0.0
Ontario,2023-09-12,0.0
Ontario,2023-09-13,7.0
Ontario,2023-09-14,0.0
Ontario,2023-09-15,3.5
Ontario,2023-09-16,0.0
Ontario,2023-09-17,0.0
Ontario,2023-09-18,0.0
Ontario,2023-09-19,0.0
Ontario,2023-09-20,0.0
Ontario,2023-09-21,0.0
Ontario,2023-09-22,18.0
Ontario,2023-09-23,0.0
Ontario,2023-09-24,0.0
Ontario,2023-09-25,0.0
Ontario,2023-09-26,0.0
Ontario,2023-09-27,0.0
Ontario,2023-09-28,0.0
Ontario,2023-09-29,0.0
Ontario,2023-09-30,0.0
Ontario,2023-10-01,0.0
Ontario,2023-10-02,0.0
Ontario,2023-10-03,0.0
Ontario,2023-10-04,0.0
Ontario,2023-10-05,0.0
Ontario,2023-10-06,0.0
Ontario,2023-10-07,2.5
Ontario,2023-10-08,0.0
Ontario,2023-10-09,0.0
Ontario,2023-10-10,0.0
Ontario,2023-10-11,20.0
Ontario,2023-10-12,0.0
Ontario,2023-10-13,0.0
Ontario,2023-10-14,0.0
Ontario,2023-10-15,0.0
Ontario,2023-10-16,0.0
Ontario,2023-10-17,0.0
Ontario,2023-10-18,0.0
Ontario,2023-10-19,0.0
Ontario,2023-10-20,0.0
Ontario,2023-10-21,3.5
Saskatchewan,2023-01-01,19.0
Saskatchewan,2023-01-02,15.0
Saskatchewan,2023-01-03,107.0
Saskatchewan,2023-01-04,59.5
Saskatchewan,2023-01-05,14.5
Saskatchewan,2023-01-06,74.0
Saskatchewan,2023-01-07,17.5
Saskatchewan,2023-01-08,17.5
Saskatchewan,2023-01-09,73.5
Saskatchewan,2023-01-10,34.5
Saskatchewan,2023-01-11,52.0
Saskatchewan,2023-01-12,30.5
Saskatchewan,2023-01-13,85.0
Saskatchewan,2023-01-14,27.0
Saskatchewan,2023-01-15,55.5
Saskatchewan,2023-01-16,57.0
Saskatchewan,2023-01-17,41.0
Saskatchewan,2023-01-18,72.5
Saskatchewan,2023-01-19,86.5
Saskatchewan,2023-01-20,33.0
Saskatchewan,2023-01-21,3.5
Saskatchewan,2023-01-22,10.5
Saskatchewan,2023-01-23,78.5
Saskatchewan,2023-01-24,72.0
Saskatchewan,2023-01-25,39.0
Saskatchewan,2023-01-26,30.0
Saskatchewan,2023-01-27,77.0
Saskatchewan,2023-01-28,57.5
Saskatchewan,2023-01-29,0.0
Saskatchewan,2023-01-30,69.5
Saskatchewan,2023-01-31,167.5
Saskatchewan,2023-02-01,36.0
Saskatchewan,2023-02-02,32.5
Saskatchewan,2023-02-03,70.5
Saskatchewan,2023-02-04,11.0
Saskatchewan,2023-02-05,12.5
Saskatchewan,2023-02-06,46.0
Saskatchewan,2023-02-07,41.5
Saskatchewan,2023-02-08,50.5
Saskatchewan,2023-02-09,53.0
Saskatchewan,2023-02-10,80.0
Saskatchewan,2023-02-11,14.0
Saskatchewan,2023-02-12,12.5
Saskatchewan,2023-02-13,33.5
Saskatchewan,2023-02-14,55.5
Saskatchewan,2023-02-15,68.5
Saskatchewan,2023-02-16,96.5
Saskatchewan,2023-02-17,82.0
Saskatchewan,2023-02-18,33.5
Saskatchewan,2023-02-19,9.0
Saskatchewan,2023-02-20,58.5
Saskatchewan,2023-02-21,59.0
Saskatchewan,2023-02-22,64.5
Saskatchewan,2023-02-23,73.0
Saskatchewan,2023-02-24,114.0
Saskatchewan,2023-02-25,12.5
Saskatchewan,2023-02-26,24.0
Saskatchewan,2023-02-27,60.5
Saskatchewan,2023-02-28,86.5
Saskatchewan,2023-03-01,38.5
Saskatchewan,2023-03-02,129.0
Saskatchewan,2023-03-03,52.0
Saskatchewan,2023-03-04,2.5
Saskatchewan,2023-03-05,7.5
Saskatchewan,2023-03-06,52.5
Saskatchewan,2023-03-07,51.5
Saskatchewan,2023-03-08,64.5
Saskatchewan,2023-03-09,99.5
Saskatchewan,2023-03-10,38.0
Saskatchewan,2023-03-11,7.5
Saskatchewan,2023-03-12,16.0
Saskatchewan,2023-03-13,64.5
Saskatchewan,2023-03-14,31.5
Saskatchewan,2023-03-15,63.0
Saskatchewan,2023-03-16,19.0
Saskatchewan,2023-03-17,94.0
Saskatchewan,2023-03-18,18.0
Saskatchewan,2023-03-19,2.5
Saskatchewan,2023-03-20,74.5
Saskatchewan,2023-03-21,58.5
Saskatchewan,2023-03-22,58.0
Saskatchewan,2023-03-23,71.5
Saskatchewan,2023-03-24,51.0
Saskatchewan,2023-03-25,10.0
Saskatchewan,2023-03-26,9.0
Saskatchewan,2023-03-27,63.0
Saskatchewan,2023-03-28,50.5
Saskatchewan,2023-03-29,65.0
Saskatchewan,2023-03-30,73.0
Saskatchewan,2023-03-31,90.0
Saskatchewan,2023-04-01,16.0
Saskatchewan,2023-04-02,11.5
Saskatchewan,2023-04-03,27.5
Saskatchewan,2023-04-04,49.5
Saskatchewan,2023-04-05,39.5
Saskatchewan,2023-04-06,46.0
Saskatchewan,2023-04-07,57.5
Saskatchewan,2023-04-08,22.0
Saskatchewan,2023-04-09,28.5
Saskatchewan,2023-04-10,35.0
Saskatchewan,2023-04-11,52.5
Saskatchewan,2023-04-12,25.5
Saskatchewan,2023-04-13,68.5
Saskatchewan,2023-04-14,74.0
Saskatchewan,2023-04-15,0.0
Saskatchewan,2023-04-16,38.0
Saskatchewan,2023-04-17,57.5
Saskatchewan,2023-04-18,52.0
Saskatchewan,2023-04-19,27.5
Saskatchewan,2023-04-20,26.0
Saskatchewan,2023-04-21,103.0
Saskatchewan,2023-04-22,23.0
Saskatchewan,2023-04-23,18.0
Saskatchewan,2023-04-24,64.0
Saskatchewan,2023-04-25,37.0
Saskatchewan,2023-04-26,42.5
Saskatchewan,2023-04-27,50.5
Saskatchewan,2023-04-28,67.5
Saskatchewan,2023-04-29,22.5
Saskatchewan,2023-04-30,3.5
Saskatchewan,2023-05-01,68.0
Saskatchewan,2023-05-02,47.5
Saskatchewan,2023-05-03,14.5
Saskatchewan,2023-05-04,59.0
Saskatchewan,2023-05-05,63.0
Saskatchewan,2023-05-06,19.0
Saskatchewan,2023-05-07,6.0
Saskatchewan,2023-05-08,54.5
Saskatchewan,2023-05-09,45.0
Saskatchewan,2023-05-10,62.5
Saskatchewan,2023-05-11,76.0
Saskatchewan,2023-05-12,116.5
Saskatchewan,2023-05-13,26.0
Saskatchewan,2023-05-14,7.0
Saskatchewan,2023-05-15,63.5
Saskatchewan,2023-05-16,62.0
Saskatchewan,2023-05-17,41.0
Saskatchewan,2023-05-18,36.0
Saskatchewan,2023-05-19,52.5
Saskatchewan,2023-05-20,9.0
Saskatchewan,2023-05-21,14.0
Saskatchewan,2023-05-22,63.5
Saskatchewan,2023-05-23,109.5
Saskatchewan,2023-05-24,80.0
Saskatchewan,2023-05-25,38.0
Saskatchewan,2023-05-26,78.0
Saskatchewan,2023-05-27,6.0
Saskatchewan,2023-05-28,0.0
Saskatchewan,2023-05-29,68.0
Saskatchewan,2023-05-30,12.0
Saskatchewan,2023-05-31,40.0
Saskatchewan,2023-06-01,55.0
Saskatchewan,2023-06-02,47.5
Saskatchewan,2023-06-03,43.5
Saskatchewan,2023-06-04,57.5
Saskatchewan,2023-06-05,95.0
Saskatchewan,2023-06-06,76.0
Saskatchewan,2023-06-07,44.5
Saskatchewan,2023-06-08,44.0
Saskatchewan,2023-06-09,60.0
Saskatchewan,2023-06-10,45.0
Saskatchewan,2023-06-11,10.0
Saskatchewan,2023-06-12,151.0
Saskatchewan,2023-06-13,68.5
Saskatchewan,2023-06-14,22.5
Saskatchewan,2023-06-15,92.0
Saskatchewan,2023-06-16,10.5
Saskatchewan,2023-06-17,27.0
Saskatchewan,2023-06-18,92.0
Saskatchewan,2023-06-19,45.0
Saskatchewan,2023-06-20,91.0
Saskatchewan,2023-06-21,25.0
Saskatchewan,2023-06-22,131.5
Saskatchewan,2023-06-23,19.0
Saskatchewan,2023-06-24,11.5
Saskatchewan,2023-06-25,24.0
Saskatchewan,2023-06-26,103.0
Saskatchewan,2023-06-27,80.5
Saskatchewan,2023-06-28,87.5
Saskatchewan,2023-06-29,71.0
Saskatchewan,2023-06-30,49.5
Saskatchewan,2023-07-01,35.0
Saskatchewan,2023-07-02,14.0
Saskatchewan,2023-07-03,57.5
Saskatchewan,2023-07-04,77.5
Saskatchewan,2023-07-05,121.5
Saskatchewan,2023-07-06,80.5
Saskatchewan,2023-07-07,37.0
Saskatchewan,2023-07-08,70.5
Saskatchewan,2023-07-09,10.5
Saskatchewan,2023-07-10,99.0
Saskatchewan,2023-07-11,46.0
Saskatchewan,2023-07-12,45.0
Saskatchewan,2023-07-13,42.0
Saskatchewan,2023-07-14,18.0
Saskatchewan,2023-07-15,0.0
Saskatchewan,2023-07-16,0.0
Saskatchewan,2023-07-17,79.0
Saskatchewan,2023-07-18,51.5
Saskatchewan,2023-07-19,33.0
Saskatchewan,2023-07-20,38.5
Saskatchewan,2023-07-21,41.5
Saskatchewan,2023-07-22,25.0
Saskatchewan,2023-07-23,36.5
Saskatchewan,2023-07-24,33.0
Saskatchewan,2023-07-25,61.0
Saskatchewan,2023-07-26,86.5
Saskatchewan,2023-07-27,28.5
Saskatchewan,2023-07-28,68.0
Saskatchewan,2023-07-29,18.0
Saskatchewan,2023-07-30,27.5
Saskatchewan,2023-07-31,61.5
Saskatchewan,2023-08-01,27.0
Saskatchewan,2023-08-02,44.5
Saskatchewan,2023-08-03,29.0
Saskatchewan,2023-08-04,129.0
Saskatchewan,2023-08-05,7.0
Saskatchewan,2023-08-06,9.0
Saskatchewan,2023-08-07,46.0
Saskatchewan,2023-08-08,76.0
Saskatchewan,2023-08-09,112.0
Saskatchewan,2023-08-10,64.5
Saskatchewan,2023-08-11,59.5
Saskatchewan,2023-08-12,60.0
Saskatchewan,2023-08-13,62.0
Saskatchewan,2023-08-14,81.5
Saskatchewan,2023-08-15,122.0
Saskatchewan,2023-08-16,62.5
Saskatchewan,2023-08-17,85.0
Saskatchewan,2023-08-18,3.5
Saskatchewan,2023-08-19,17.0
Saskatchewan,2023-08-20,23.5
Saskatchewan,2023-08-21,49.0
Saskatchewan,2023-08-22,89.5
Saskatchewan,2023-08-23,8.5
Saskatchewan,2023-08-24,38.5
Saskatchewan,2023-08-25,35.0
Saskatchewan,2023-08-26,0.0
Saskatchewan,2023-08-27,0.0
Saskatchewan,2023-08-28,74.5
Saskatchewan,2023-08-29,37.5
Saskatchewan,2023-08-30,37.5
Saskatchewan,2023-08-31,83.5
Saskatchewan,2023-09-01,66.5
Saskatchewan,2023-09-02,25.0
Saskatchewan,2023-09-03,16.5
Saskatchewan,2023-09-04,47.5
Saskatchewan,2023-09-05,9.5
Saskatchewan,2023-09-06,130.5
Saskatchewan,2023-09-07,84.5
Saskatchewan,2023-09-08,38.0
Saskatchewan,2023-09-09,0.0
Saskatchewan,2023-09-10,7.0
Saskatchewan,2023-09-11,88.5
Saskatchewan,2023-09-12,56.0
Saskatchewan,2023-09-13,61.5
Saskatchewan,2023-09-14,41.0
Saskatchewan,2023-09-15,54.0
Saskatchewan,2023-09-16,22.0
Saskatchewan,2023-09-17,9.0
Saskatchewan,2023-09-18,87.5
Saskatchewan,2023-09-19,56.0
Saskatchewan,2023-09-20,58.0
Saskatchewan,2023-09-21,40.5
Saskatchewan,2023-09-22,104.0
Saskatchewan,2023-09-23,0.0
Saskatchewan,2023-09-24,0.0
Saskatchewan,2023-09-25,23.0
Saskatchewan,2023-09-26,23.0
Saskatchewan,2023-09-27,52.0
Saskatchewan,2023-09-28,114.0
Saskatchewan,2023-09-29,71.0
Saskatchewan,2023-09-30,10.5
Saskatchewan,2023-10-01,19.0
Saskatchewan,2023-10-02,75.5
Saskatchewan,2023-10-03,58.0
Saskatchewan,2023-10-04,34.5
Saskatchewan,2023-10-05,29.5
Saskatchewan,2023-10-06,95.0
Saskatchewan,2023-10-07,25.0
Saskatchewan,2023-10-08,20.5
Saskatchewan,2023-10-09,106.5
Saskatchewan,2023-10-10,77.0
Saskatchewan,2023-10-11,54.5
Saskatchewan,2023-10-12,30.0
Saskatchewan,2023-10-13,58.5
Saskatchewan,2023-10-14,0.0
Saskatchewan,2023-10-15,35.0
Saskatchewan,2023-10-16,51.5
Saskatchewan,2023-10-17,58.5
Saskatchewan,2023-10-18,19.5
Saskatchewan,2023-10-19,81.0
Saskatchewan,2023-10-20,94.5
Saskatchewan,2023-10-21,21.0
Saskatchewan,2023-10-22,5.0
Saskatchewan,2023-10-23,50.0
Saskatchewan,2023-10-24,23.0
Saskatchewan,2023-10-25,60.0
Saskatchewan,2023-10-26,18.5
Saskatchewan,2023-10-27,35.5
Saskatchewan,2023-10-28,57.0
Saskatchewan,2023-10-29,0.0
Saskatchewan,2023-10-30,16.0
Saskatchewan,2023-10-31,114.5
Saskatchewan,2023-11-01,55.0
Saskatchewan,2023-11-02,24.5
Saskatchewan,2023-11-03,49.0
Saskatchewan,2023-11-04,3.0
Saskatchewan,2023-11-05,3.5
Saskatchewan,2023-11-06,76.0
Saskatchewan,2023-11-07,90.0
Saskatchewan,2023-11-08,62.0
Saskatchewan,2023-11-09,56.0
Saskatchewan,2023-11-10,64.5
Saskatchewan,2023-11-11,9.0
Saskatchewan,2023-11-12,31.0
Saskatchewan,2023-11-13,28.0
Saskatchewan,2023-11-14,38.0
Saskatchewan,2023-11-15,46.5
Saskatchewan,2023-11-16,69.0
Saskatchewan,2023-11-17,44.0
Saskatchewan,2023-11-18,2.0
Saskatchewan,2023-11-19,13.0
Saskatchewan,2023-11-20,67.0
Saskatchewan,2023-11-21,29.0
Saskatchewan,2023-11-22,76.0
Saskatchewan,2023-11-23,35.5
Saskatchewan,2023-11-24,36.0
Saskatchewan,2023-11-25,21.0
Saskatchewan,2023-11-26,2.5
Saskatchewan,2023-11-27,57.0
Saskatchewan,2023-11-28,44.5
Saskatchewan,2023-11-29,70.0
Saskatchewan,2023-11-30,33.5
Saskatchewan,2023-12-01,106.5
Saskatchewan,2023-12-02,20.5
Saskatchewan,2023-12-03,52.0
Saskatchewan,2023-12-04,50.5
Saskatchewan,2023-12-05,38.5
Saskatchewan,2023-12-06,30.0
Saskatchewan,2023-12-07,51.5
Saskatchewan,2023-12-08,30.5
Saskatchewan,2023-12-09,24.5
Saskatchewan,2023-12-10,7.0
Saskatchewan,2023-12-11,68.0
Saskatchewan,2023-12-12,26.5
Saskatchewan,2023-12-13,33.0
Saskatchewan,2023-12-14,23.5
Saskatchewan,2023-12-15,60.5
Saskatchewan,2023-12-16,96.5
Saskatchewan,2023-12-17,13.0
Saskatchewan,2023-12-18,49.5
Saskatchewan,2023-12-19,28.5
Saskatchewan,2023-12-20,39.5
Saskatchewan,2023-12-21,10.0
Saskatchewan,2023-12-22,86.0
Saskatchewan,2023-12-23,51.0
Saskatchewan,2023-12-24,10.0
Saskatchewan,2023-12-25,64.0
Saskatchewan,2023-12-26,41.5
Saskatchewan,2023-12-27,42.0
Saskatchewan,2023-12-28,52.5
Saskatchewan,2023-12-29,141.5
Saskatchewan,2023-12-30,7.0
Saskatchewan,2023-12-31,11.5
